Method,Average,1,2,3
CPU,1.163711e-03,1.230508e-03,1.182623e-03,1.163417e-03
GPU,5.627600e-05,1.386880e-04,5.836800e-05,5.760000e-05
"CPU managed before GPU",1.147507e-03,1.383997e-03,1.390982e-03,1.314569e-03
"GPU managed",5.724400e-05,3.816096e-03,6.208000e-05,5.772800e-05
"CPU managed after GPU",1.147507e-03,1.383997e-03,1.390982e-03,1.314569e-03
cuSPARSE,4.769600e-05,1.735040e-04,5.174400e-05,4.816000e-05
