Method,Average,1,2,3
CPU,1.600510e-04,7.989560e-04,1.593470e-04,1.586510e-04
GPU,4.646400e-05,5.334400e-05,4.668800e-05,4.742400e-05
"GPU texture memory",4.848800e-05,1.091520e-04,5.129600e-05,4.912000e-05
"CPU managed before GPU",1.610724e-04,2.447670e-04,2.344980e-04,1.753500e-04
"GPU managed",4.674400e-05,4.469568e-03,4.918400e-05,4.796800e-05
"CPU managed after GPU",1.610724e-04,2.447670e-04,2.344980e-04,1.753500e-04
cuSPARSE,3.886400e-05,1.065280e-04,4.323200e-05,3.977600e-05
