Method,Average,1,2,3
CPU,2.352189e-04,7.101640e-04,3.498100e-04,2.545160e-04
GPU,4.766800e-05,5.331200e-05,4.723200e-05,4.729600e-05
"GPU texture memory",4.765600e-05,4.881280e-04,4.928000e-05,4.761600e-05
"CPU managed before GPU",2.949605e-04,1.024591e-03,8.099850e-04,3.533850e-04
"GPU managed",4.756000e-05,8.975392e-03,5.948800e-05,4.678400e-05
"CPU managed after GPU",2.949605e-04,1.024591e-03,8.099850e-04,3.533850e-04
