Method,Average,1,2,3
CPU,1.532791e-03,1.666157e-03,1.545466e-03,1.527803e-03
GPU,7.177600e-05,1.217280e-04,7.216000e-05,7.225600e-05
"CPU managed before GPU",1.717457e-03,1.943428e-03,1.957182e-03,1.930350e-03
"GPU managed",7.079600e-05,6.245120e-03,7.136000e-05,6.908800e-05
"CPU managed after GPU",1.717457e-03,1.943428e-03,1.957182e-03,1.930350e-03
